timestamp,graph,task,speed,period_us,run,seconds,steal_s
2026-09-23T00:26:45,soc-sign-epinions.txt.gz,loop,1.0,4000,0,0.7357,0.02
2026-09-23T00:26:46,soc-sign-epinions.txt.gz,heavy,1.0,4000,0,0.7484,0.06
2026-09-23T00:26:47,soc-sign-epinions.txt.gz,mid,1.0,4000,0,0.9788,0.01
2026-09-23T00:26:48,soc-sign-epinions.txt.gz,light,1.0,4000,0,0.8856,0.03
2026-09-23T00:26:49,soc-sign-epinions.txt.gz,loop,0.75,4000,0,0.9362,0.02
2026-09-23T00:26:50,soc-sign-epinions.txt.gz,heavy,0.75,4000,0,0.9228,0.01
2026-09-23T00:26:51,soc-sign-epinions.txt.gz,mid,0.75,4000,0,1.3095,0.03
2026-09-23T00:26:52,soc-sign-epinions.txt.gz,light,0.75,4000,0,1.1945,0.03
2026-09-23T00:26:53,soc-sign-epinions.txt.gz,loop,0.5,4000,0,1.4226,0.02
2026-09-23T00:26:55,soc-sign-epinions.txt.gz,heavy,0.5,4000,0,1.4245,0.02
2026-09-23T00:26:57,soc-sign-epinions.txt.gz,mid,0.5,4000,0,2.0549,0.03
2026-09-23T00:26:59,soc-sign-epinions.txt.gz,light,0.5,4000,0,1.8907,0.02
2026-09-23T00:27:01,soc-sign-epinions.txt.gz,loop,0.43,4000,0,1.7387,0.04
2026-09-23T00:27:02,soc-sign-epinions.txt.gz,heavy,0.43,4000,0,1.7036,0.04
2026-09-23T00:27:05,soc-sign-epinions.txt.gz,mid,0.43,4000,0,2.3951,0.01
2026-09-23T00:27:07,soc-sign-epinions.txt.gz,light,0.43,4000,0,2.1226,0.04
2026-09-23T00:27:10,soc-sign-epinions.txt.gz,loop,0.26,4000,0,2.7679,0.02
2026-09-23T00:27:12,soc-sign-epinions.txt.gz,heavy,0.26,4000,0,2.8092,0.02
2026-09-23T00:27:16,soc-sign-epinions.txt.gz,mid,0.26,4000,0,4.0693,0.05
2026-09-23T00:27:20,soc-sign-epinions.txt.gz,light,0.26,4000,0,3.6766,0.02
2026-09-23T00:27:21,soc-sign-epinions.txt.gz,loop,1.0,4000,1,0.7733,0.06
2026-09-23T00:27:22,soc-sign-epinions.txt.gz,heavy,1.0,4000,1,0.7363,0.02
2026-09-23T00:27:23,soc-sign-epinions.txt.gz,mid,1.0,4000,1,0.9831,0.01
2026-09-23T00:27:24,soc-sign-epinions.txt.gz,light,1.0,4000,1,0.9628,0.09
2026-09-23T00:27:25,soc-sign-epinions.txt.gz,loop,0.75,4000,1,0.9561,0.02
2026-09-23T00:27:25,soc-sign-epinions.txt.gz,heavy,0.75,4000,1,0.9465,0.03
2026-09-23T00:27:27,soc-sign-epinions.txt.gz,mid,0.75,4000,1,1.3628,0.08
2026-09-23T00:27:28,soc-sign-epinions.txt.gz,light,0.75,4000,1,1.2041,0.06
2026-09-23T00:27:29,soc-sign-epinions.txt.gz,loop,0.5,4000,1,1.4054,0.04
2026-09-23T00:27:31,soc-sign-epinions.txt.gz,heavy,0.5,4000,1,1.3885,0.03
2026-09-23T00:27:33,soc-sign-epinions.txt.gz,mid,0.5,4000,1,1.9987,0.02
2026-09-23T00:27:35,soc-sign-epinions.txt.gz,light,0.5,4000,1,1.7846,0.01
2026-09-23T00:27:36,soc-sign-epinions.txt.gz,loop,0.43,4000,1,1.6496,0.01
2026-09-23T00:27:38,soc-sign-epinions.txt.gz,heavy,0.43,4000,1,1.6313,0.02
2026-09-23T00:27:40,soc-sign-epinions.txt.gz,mid,0.43,4000,1,2.3274,0.01
2026-09-23T00:27:42,soc-sign-epinions.txt.gz,light,0.43,4000,1,2.2253,0.08
2026-09-23T00:27:45,soc-sign-epinions.txt.gz,loop,0.26,4000,1,2.7543,0.02
2026-09-23T00:27:48,soc-sign-epinions.txt.gz,heavy,0.26,4000,1,2.8076,0.01
2026-09-23T00:27:52,soc-sign-epinions.txt.gz,mid,0.26,4000,1,4.0121,0.04
2026-09-23T00:27:56,soc-sign-epinions.txt.gz,light,0.26,4000,1,3.7047,0.02
2026-09-23T00:27:57,soc-sign-epinions.txt.gz,loop,1.0,4000,2,0.7758,0.01
2026-09-23T00:27:57,soc-sign-epinions.txt.gz,heavy,1.0,4000,2,0.6850,0.01
2026-09-23T00:27:58,soc-sign-epinions.txt.gz,mid,1.0,4000,2,0.9727,0.01
2026-09-23T00:27:59,soc-sign-epinions.txt.gz,light,1.0,4000,2,0.8864,0.06
2026-09-23T00:28:00,soc-sign-epinions.txt.gz,loop,0.75,4000,2,0.9736,0.00
2026-09-23T00:28:01,soc-sign-epinions.txt.gz,heavy,0.75,4000,2,0.9155,0.01
2026-09-23T00:28:02,soc-sign-epinions.txt.gz,mid,0.75,4000,2,1.3835,0.02
2026-09-23T00:28:04,soc-sign-epinions.txt.gz,light,0.75,4000,2,1.1916,0.03
2026-09-23T00:28:05,soc-sign-epinions.txt.gz,loop,0.5,4000,2,1.4793,0.01
2026-09-23T00:28:06,soc-sign-epinions.txt.gz,heavy,0.5,4000,2,1.3914,0.03
2026-09-23T00:28:08,soc-sign-epinions.txt.gz,mid,0.5,4000,2,1.9927,0.02
2026-09-23T00:28:10,soc-sign-epinions.txt.gz,light,0.5,4000,2,1.7654,0.01
2026-09-23T00:28:12,soc-sign-epinions.txt.gz,loop,0.43,4000,2,1.7500,0.07
2026-09-23T00:28:14,soc-sign-epinions.txt.gz,heavy,0.43,4000,2,1.6307,0.02
2026-09-23T00:28:16,soc-sign-epinions.txt.gz,mid,0.43,4000,2,2.3149,0.01
2026-09-23T00:28:18,soc-sign-epinions.txt.gz,light,0.43,4000,2,2.1287,0.06
2026-09-23T00:28:21,soc-sign-epinions.txt.gz,loop,0.26,4000,2,2.8961,0.03
2026-09-23T00:28:24,soc-sign-epinions.txt.gz,heavy,0.26,4000,2,2.8084,0.02
2026-09-23T00:28:28,soc-sign-epinions.txt.gz,mid,0.26,4000,2,4.0241,0.07
2026-09-23T00:28:32,soc-sign-epinions.txt.gz,light,0.26,4000,2,3.7527,0.05
2026-09-23T00:28:33,soc-sign-epinions.txt.gz,loop,1.0,10000,0,0.7266,0.00
2026-09-23T00:28:33,soc-sign-epinions.txt.gz,heavy,1.0,10000,0,0.6914,0.02
2026-09-23T00:28:34,soc-sign-epinions.txt.gz,mid,1.0,10000,0,0.9593,0.01
2026-09-23T00:28:35,soc-sign-epinions.txt.gz,light,1.0,10000,0,0.8564,0.02
2026-09-23T00:28:36,soc-sign-epinions.txt.gz,loop,0.75,10000,0,0.9835,0.06
2026-09-23T00:28:37,soc-sign-epinions.txt.gz,heavy,0.75,10000,0,0.9328,0.01
2026-09-23T00:28:39,soc-sign-epinions.txt.gz,mid,0.75,10000,0,1.3102,0.01
2026-09-23T00:28:40,soc-sign-epinions.txt.gz,light,0.75,10000,0,1.1502,0.03
2026-09-23T00:28:41,soc-sign-epinions.txt.gz,loop,0.5,10000,0,1.4898,0.06
2026-09-23T00:28:43,soc-sign-epinions.txt.gz,heavy,0.5,10000,0,1.4244,0.02
2026-09-23T00:28:45,soc-sign-epinions.txt.gz,mid,0.5,10000,0,1.9934,0.03
2026-09-23T00:28:46,soc-sign-epinions.txt.gz,light,0.5,10000,0,1.8595,0.05
2026-09-23T00:28:48,soc-sign-epinions.txt.gz,loop,0.43,10000,0,1.6566,0.03
2026-09-23T00:28:50,soc-sign-epinions.txt.gz,heavy,0.43,10000,0,1.6347,0.01
2026-09-23T00:28:52,soc-sign-epinions.txt.gz,mid,0.43,10000,0,2.3259,0.03
2026-09-23T00:28:54,soc-sign-epinions.txt.gz,light,0.43,10000,0,2.1517,0.03
2026-09-23T00:28:57,soc-sign-epinions.txt.gz,loop,0.26,10000,0,2.7676,0.03
2026-09-23T00:29:00,soc-sign-epinions.txt.gz,heavy,0.26,10000,0,2.8101,0.05
2026-09-23T00:29:04,soc-sign-epinions.txt.gz,mid,0.26,10000,0,4.0116,0.05
2026-09-23T00:29:07,soc-sign-epinions.txt.gz,light,0.26,10000,0,3.6403,0.06
2026-09-23T00:29:08,soc-sign-epinions.txt.gz,loop,1.0,10000,1,0.7065,0.00
2026-09-23T00:29:09,soc-sign-epinions.txt.gz,heavy,1.0,10000,1,0.6806,0.01
2026-09-23T00:29:10,soc-sign-epinions.txt.gz,mid,1.0,10000,1,0.9484,0.00
2026-09-23T00:29:11,soc-sign-epinions.txt.gz,light,1.0,10000,1,0.8311,0.00
2026-09-23T00:29:12,soc-sign-epinions.txt.gz,loop,0.75,10000,1,0.9513,0.02
2026-09-23T00:29:13,soc-sign-epinions.txt.gz,heavy,0.75,10000,1,0.9277,0.03
2026-09-23T00:29:14,soc-sign-epinions.txt.gz,mid,0.75,10000,1,1.2790,0.01
2026-09-23T00:29:15,soc-sign-epinions.txt.gz,light,0.75,10000,1,1.1426,0.01
2026-09-23T00:29:16,soc-sign-epinions.txt.gz,loop,0.5,10000,1,1.4174,0.01
2026-09-23T00:29:18,soc-sign-epinions.txt.gz,heavy,0.5,10000,1,1.4201,0.01
2026-09-23T00:29:20,soc-sign-epinions.txt.gz,mid,0.5,10000,1,2.0098,0.02
2026-09-23T00:29:22,soc-sign-epinions.txt.gz,light,0.5,10000,1,1.7761,0.02
2026-09-23T00:29:23,soc-sign-epinions.txt.gz,loop,0.43,10000,1,1.6500,0.01
2026-09-23T00:29:25,soc-sign-epinions.txt.gz,heavy,0.43,10000,1,1.6698,0.03
2026-09-23T00:29:27,soc-sign-epinions.txt.gz,mid,0.43,10000,1,2.3801,0.10
2026-09-23T00:29:29,soc-sign-epinions.txt.gz,light,0.43,10000,1,2.1740,0.04
2026-09-23T00:29:32,soc-sign-epinions.txt.gz,loop,0.26,10000,1,2.8544,0.09
2026-09-23T00:29:35,soc-sign-epinions.txt.gz,heavy,0.26,10000,1,2.8721,0.07
2026-09-23T00:29:39,soc-sign-epinions.txt.gz,mid,0.26,10000,1,3.9932,0.07
2026-09-23T00:29:43,soc-sign-epinions.txt.gz,light,0.26,10000,1,3.6412,0.04
2026-09-23T00:29:44,soc-sign-epinions.txt.gz,loop,1.0,10000,2,0.7228,0.02
2026-09-23T00:29:44,soc-sign-epinions.txt.gz,heavy,1.0,10000,2,0.7233,0.03
2026-09-23T00:29:45,soc-sign-epinions.txt.gz,mid,1.0,10000,2,1.0024,0.04
2026-09-23T00:29:46,soc-sign-epinions.txt.gz,light,1.0,10000,2,0.8660,0.01
2026-09-23T00:29:47,soc-sign-epinions.txt.gz,loop,0.75,10000,2,0.9386,0.02
2026-09-23T00:29:48,soc-sign-epinions.txt.gz,heavy,0.75,10000,2,0.9176,0.01
2026-09-23T00:29:49,soc-sign-epinions.txt.gz,mid,0.75,10000,2,1.3007,0.01
2026-09-23T00:29:50,soc-sign-epinions.txt.gz,light,0.75,10000,2,1.1408,0.01
2026-09-23T00:29:52,soc-sign-epinions.txt.gz,loop,0.5,10000,2,1.4341,0.02
2026-09-23T00:29:53,soc-sign-epinions.txt.gz,heavy,0.5,10000,2,1.4187,0.03
2026-09-23T00:29:55,soc-sign-epinions.txt.gz,mid,0.5,10000,2,1.9833,0.05
2026-09-23T00:29:57,soc-sign-epinions.txt.gz,light,0.5,10000,2,1.7821,0.03
2026-09-23T00:29:59,soc-sign-epinions.txt.gz,loop,0.43,10000,2,1.6474,0.00
2026-09-23T00:30:00,soc-sign-epinions.txt.gz,heavy,0.43,10000,2,1.6427,0.01
2026-09-23T00:30:03,soc-sign-epinions.txt.gz,mid,0.43,10000,2,2.3343,0.05
2026-09-23T00:30:05,soc-sign-epinions.txt.gz,light,0.43,10000,2,2.0950,0.02
2026-09-23T00:30:08,soc-sign-epinions.txt.gz,loop,0.26,10000,2,2.7786,0.04
2026-09-23T00:30:10,soc-sign-epinions.txt.gz,heavy,0.26,10000,2,2.7696,0.02
2026-09-23T00:30:14,soc-sign-epinions.txt.gz,mid,0.26,10000,2,3.9385,0.06
2026-09-23T00:30:18,soc-sign-epinions.txt.gz,light,0.26,10000,2,3.5411,0.03
2026-09-23T00:30:19,soc-sign-epinions.txt.gz,loop,1.0,100000,0,0.7084,0.00
2026-09-23T00:30:20,soc-sign-epinions.txt.gz,heavy,1.0,100000,0,0.6762,0.01
2026-09-23T00:30:21,soc-sign-epinions.txt.gz,mid,1.0,100000,0,0.9730,0.01
2026-09-23T00:30:22,soc-sign-epinions.txt.gz,light,1.0,100000,0,0.8286,0.00
2026-09-23T00:30:23,soc-sign-epinions.txt.gz,loop,0.75,100000,0,0.9194,0.01
2026-09-23T00:30:23,soc-sign-epinions.txt.gz,heavy,0.75,100000,0,0.8925,0.00
2026-09-23T00:30:25,soc-sign-epinions.txt.gz,mid,0.75,100000,0,1.2691,0.01
2026-09-23T00:30:26,soc-sign-epinions.txt.gz,light,0.75,100000,0,1.1188,0.01
2026-09-23T00:30:27,soc-sign-epinions.txt.gz,loop,0.5,100000,0,1.3657,0.01
2026-09-23T00:30:29,soc-sign-epinions.txt.gz,heavy,0.5,100000,0,1.3938,0.04
2026-09-23T00:30:31,soc-sign-epinions.txt.gz,mid,0.5,100000,0,1.9331,0.06
2026-09-23T00:30:32,soc-sign-epinions.txt.gz,light,0.5,100000,0,1.6956,0.02
2026-09-23T00:30:34,soc-sign-epinions.txt.gz,loop,0.43,100000,0,1.5683,0.01
2026-09-23T00:30:35,soc-sign-epinions.txt.gz,heavy,0.43,100000,0,1.5258,0.00
2026-09-23T00:30:38,soc-sign-epinions.txt.gz,mid,0.43,100000,0,2.2626,0.01
2026-09-23T00:30:40,soc-sign-epinions.txt.gz,light,0.43,100000,0,1.9953,0.06
2026-09-23T00:30:42,soc-sign-epinions.txt.gz,loop,0.26,100000,0,2.6192,0.01
2026-09-23T00:30:45,soc-sign-epinions.txt.gz,heavy,0.26,100000,0,2.6827,0.02
2026-09-23T00:30:49,soc-sign-epinions.txt.gz,mid,0.26,100000,0,3.7167,0.06
2026-09-23T00:30:52,soc-sign-epinions.txt.gz,light,0.26,100000,0,3.3108,0.03
2026-09-23T00:30:53,soc-sign-epinions.txt.gz,loop,1.0,100000,1,0.7014,0.01
2026-09-23T00:30:53,soc-sign-epinions.txt.gz,heavy,1.0,100000,1,0.6737,0.00
2026-09-23T00:30:54,soc-sign-epinions.txt.gz,mid,1.0,100000,1,0.9646,0.01
2026-09-23T00:30:55,soc-sign-epinions.txt.gz,light,1.0,100000,1,0.8353,0.01
2026-09-23T00:30:56,soc-sign-epinions.txt.gz,loop,0.75,100000,1,0.9154,0.00
2026-09-23T00:30:57,soc-sign-epinions.txt.gz,heavy,0.75,100000,1,0.8996,0.00
2026-09-23T00:30:58,soc-sign-epinions.txt.gz,mid,0.75,100000,1,1.2466,0.01
2026-09-23T00:30:59,soc-sign-epinions.txt.gz,light,0.75,100000,1,1.1695,0.01
2026-09-23T00:31:01,soc-sign-epinions.txt.gz,loop,0.5,100000,1,1.3124,0.01
2026-09-23T00:31:02,soc-sign-epinions.txt.gz,heavy,0.5,100000,1,1.3807,0.03
2026-09-23T00:31:04,soc-sign-epinions.txt.gz,mid,0.5,100000,1,1.9776,0.05
2026-09-23T00:31:06,soc-sign-epinions.txt.gz,light,0.5,100000,1,1.6953,0.02
2026-09-23T00:31:07,soc-sign-epinions.txt.gz,loop,0.43,100000,1,1.6041,0.02
2026-09-23T00:31:09,soc-sign-epinions.txt.gz,heavy,0.43,100000,1,1.5903,0.01
2026-09-23T00:31:11,soc-sign-epinions.txt.gz,mid,0.43,100000,1,2.2142,0.01
2026-09-23T00:31:13,soc-sign-epinions.txt.gz,light,0.43,100000,1,2.0074,0.05
2026-09-23T00:31:16,soc-sign-epinions.txt.gz,loop,0.26,100000,1,2.5909,0.02
2026-09-23T00:31:18,soc-sign-epinions.txt.gz,heavy,0.26,100000,1,2.6848,0.01
2026-09-23T00:31:22,soc-sign-epinions.txt.gz,mid,0.26,100000,1,3.7996,0.04
2026-09-23T00:31:26,soc-sign-epinions.txt.gz,light,0.26,100000,1,3.4000,0.04
2026-09-23T00:31:26,soc-sign-epinions.txt.gz,loop,1.0,100000,2,0.7119,0.02
2026-09-23T00:31:27,soc-sign-epinions.txt.gz,heavy,1.0,100000,2,0.6946,0.02
2026-09-23T00:31:28,soc-sign-epinions.txt.gz,mid,1.0,100000,2,0.9548,0.00
2026-09-23T00:31:29,soc-sign-epinions.txt.gz,light,1.0,100000,2,0.8501,0.00
2026-09-23T00:31:30,soc-sign-epinions.txt.gz,loop,0.75,100000,2,0.8962,0.00
2026-09-23T00:31:31,soc-sign-epinions.txt.gz,heavy,0.75,100000,2,0.9003,0.01
2026-09-23T00:31:32,soc-sign-epinions.txt.gz,mid,0.75,100000,2,1.2528,0.03
2026-09-23T00:31:33,soc-sign-epinions.txt.gz,light,0.75,100000,2,1.1184,0.00
2026-09-23T00:31:34,soc-sign-epinions.txt.gz,loop,0.5,100000,2,1.3334,0.00
2026-09-23T00:31:36,soc-sign-epinions.txt.gz,heavy,0.5,100000,2,1.3427,0.04
2026-09-23T00:31:38,soc-sign-epinions.txt.gz,mid,0.5,100000,2,1.9783,0.03
2026-09-23T00:31:40,soc-sign-epinions.txt.gz,light,0.5,100000,2,1.7207,0.02
2026-09-23T00:31:41,soc-sign-epinions.txt.gz,loop,0.43,100000,2,1.5635,0.02
2026-09-23T00:31:43,soc-sign-epinions.txt.gz,heavy,0.43,100000,2,1.6074,0.01
2026-09-23T00:31:45,soc-sign-epinions.txt.gz,mid,0.43,100000,2,2.2164,0.01
2026-09-23T00:31:47,soc-sign-epinions.txt.gz,light,0.43,100000,2,1.9957,0.02
2026-09-23T00:31:50,soc-sign-epinions.txt.gz,loop,0.26,100000,2,2.6669,0.02
2026-09-23T00:31:52,soc-sign-epinions.txt.gz,heavy,0.26,100000,2,2.6152,0.02
2026-09-23T00:31:56,soc-sign-epinions.txt.gz,mid,0.26,100000,2,3.8001,0.03
2026-09-23T00:31:59,soc-sign-epinions.txt.gz,light,0.26,100000,2,3.4817,0.06
