timestamp,tag,graph,cores,speeds,r,schedule,period_us,fast_scale,migrate,run,compute_s,startup_s,cliques,tasks_total,busy,items,tasks,idle_pct,idle_weighted_pct,steal_s
2026-09-23T02:23:08,3a-rep1,soc-sign-epinions.txt.gz,"F,F,S,S",1;1;0.43;0.43,0.43,block,4000,,0,0,98.2893,1.6205,22226173,2060,59.5109;90.8138;98.2800;61.0297,47156;45056;19456;20160,737;704;304;315,21.24,22.16,4.46
2026-09-23T02:24:26,3a-rep1,soc-sign-epinions.txt.gz,"F,F,S,S",1;1;0.43;0.43,0.43,interleave,4000,,0,0,76.3697,1.6695,22226173,2060,76.3385;76.3471;76.3591;76.3466,48890;48251;17536;17151,764;754;274;268,0.03,0.03,3.61
2026-09-23T02:25:57,3a-rep1,soc-sign-epinions.txt.gz,"F,F,S,S",1;1;0.43;0.43,0.43,block16,4000,,0,0,88.3613,1.6552,22226173,8240,74.3471;76.2467;73.6575;88.3104,45264;46432;20116;20016,2829;2902;1258;1251,11.57,12.85,4.20
2026-09-23T02:27:17,3a-rep1,soc-sign-epinions.txt.gz,"F,F,S,S",1;1;0.43;0.43,0.43,block1,4000,,0,0,77.1957,1.8544,22226173,131828,76.5116;76.5145;76.3037;76.2867,43799;45464;21893;20672,43799;45464;21893;20672,1.03,0.97,4.32
2026-09-23T02:28:34,3a-rep1,soc-sign-epinions.txt.gz,"F,F,S,S",1;1;0.43;0.43,0.43,lpt,4000,,0,0,75.4351,1.6474,22226173,289,74.2457;74.2435;74.2487;75.4273,7042;112223;10603;1960,89;136;30;34,1.18,1.34,2.43
2026-09-23T02:29:52,3a-rep1,soc-sign-epinions.txt.gz,"F,F,S,S",1;1;0.43;0.43,0.43,lpt-oracle,4000,,0,0,75.0314,1.6422,22226173,357,75.0128;75.0148;75.0244;75.0247,51001;51088;12902;16837,129;130;48;50,0.02,0.02,3.34
2026-09-23T02:31:11,3a-rep1,soc-sign-epinions.txt.gz,"F,F,S,S",1;1;0.43;0.43,0.43,static@0.43,4000,,0,0,77.5519,1.6062,22226173,2062,73.0984;76.4690;74.3331;77.5460,46091;46091;19823;19823,721;721;310;310,2.82,3.12,2.64
2026-09-23T02:32:37,3a-rep1,soc-sign-epinions.txt.gz,"F,F,S,S",1;1;0.43;0.43,0.43,static-oracle@0.26,4000,,0,0,83.6670,1.6502,22226173,2062,83.6611;83.1665;53.6522;53.6190,52308;52308;13606;13606,818;818;213;213,18.10,11.00,3.20
2026-09-23T02:34:04,3a-rep1,soc-sign-epinions.txt.gz,"F,F,S,S",1;1;0.43;0.43,0.43,static-oracle@0.43,4000,,0,0,84.8995,1.7619,22226173,2062,73.4513;74.7758;84.8948;79.2318,46091;46091;19823;19823,721;721;310;310,8.02,9.89,3.29
2026-09-23T02:35:46,3a-rep1,soc-sign-epinions.txt.gz,"F,F,S,S",1;1;0.43;0.43,0.43,static-oracle@0.6,4000,,0,0,99.7156,1.6532,22226173,2062,65.7185;66.6846;96.2079;99.7085,41194;41194;24720;24720,644;644;387;387,17.69,24.03,2.50
2026-09-23T02:37:57,3a-rep1,soc-sign-epinions.txt.gz,"F,F,S,S",1;1;0.43;0.43,0.43,static-oracle@1.0,4000,,0,0,128.9333,1.6375,22226173,2060,52.2427;52.6841;128.9222;127.9442,32957;32957;32957;32957,515;515;515;515,29.85,41.59,3.32
2026-09-23T02:40:17,3a-rep2,soc-sign-epinions.txt.gz,"F,F,S,S",1;1;0.43;0.43,0.43,block,4000,,0,0,132.6982,1.6591,22226173,2060,58.7262;51.0189;115.2458;132.6886,46528;46068;19776;19456,727;720;309;304,32.61,42.99,4.29
2026-09-23T02:41:35,3a-rep2,soc-sign-epinions.txt.gz,"F,F,S,S",1;1;0.43;0.43,0.43,interleave,4000,,0,0,75.1190,1.6448,22226173,2060,75.0785;75.0792;75.0819;75.0771,48764;46396;19837;16831,762;725;310;263,0.05,0.05,3.81
2026-09-23T02:43:11,3a-rep2,soc-sign-epinions.txt.gz,"F,F,S,S",1;1;0.43;0.43,0.43,block16,4000,,0,0,94.1559,1.6542,22226173,8240,70.7935;66.2365;82.0049;94.1064,45792;46676;19136;20224,2862;2918;1196;1264,16.86,20.99,3.54
2026-09-23T02:44:29,3a-rep2,soc-sign-epinions.txt.gz,"F,F,S,S",1;1;0.43;0.43,0.43,block1,4000,,0,0,75.2101,1.7598,22226173,131828,74.2758;74.2793;74.1011;74.3524,45961;46266;19670;19931,45961;46266;19670;19931,1.27,1.26,2.60
2026-09-23T02:45:47,3a-rep2,soc-sign-epinions.txt.gz,"F,F,S,S",1;1;0.43;0.43,0.43,lpt,4000,,0,0,75.9715,1.5669,22226173,289,73.9818;73.9797;75.9699;75.3156,64878;63920;1009;2021,104;117;34;34,1.53,1.96,2.90
2026-09-23T02:47:05,3a-rep2,soc-sign-epinions.txt.gz,"F,F,S,S",1;1;0.43;0.43,0.43,lpt-oracle,4000,,0,0,75.6104,1.6393,22226173,357,74.3457;74.3449;74.7882;75.6036,57270;70096;2495;1967,132;138;44;43,1.11,1.33,3.50
2026-09-23T02:48:23,3a-rep2,soc-sign-epinions.txt.gz,"F,F,S,S",1;1;0.43;0.43,0.43,static@0.43,4000,,0,0,76.2370,1.6226,22226173,2062,73.4340;75.8498;73.1961;76.2316,46091;46091;19823;19823,721;721;310;310,2.05,2.06,2.85
2026-09-23T02:49:49,3a-rep2,soc-sign-epinions.txt.gz,"F,F,S,S",1;1;0.43;0.43,0.43,static-oracle@0.26,4000,,0,0,83.5888,1.6589,22226173,2062,83.5836;83.0562;54.1089;53.3354,52308;52308;13606;13606,818;818;213;213,18.03,10.97,3.14
2026-09-23T02:51:11,3a-rep2,soc-sign-epinions.txt.gz,"F,F,S,S",1;1;0.43;0.43,0.43,static-oracle@0.43,4000,,0,0,80.6141,1.5737,22226173,2062,74.0384;74.3285;79.4275;80.6043,46091;46091;19823;19823,721;721;310;310,4.36,5.80,4.01
2026-09-23T02:52:51,3a-rep2,soc-sign-epinions.txt.gz,"F,F,S,S",1;1;0.43;0.43,0.43,static-oracle@0.6,4000,,0,0,97.8459,1.6643,22226173,2062,65.9078;65.7556;97.6820;97.8336,41194;41194;24720;24720,644;644;387;387,16.40,22.91,4.22
2026-09-23T02:55:07,3a-rep2,soc-sign-epinions.txt.gz,"F,F,S,S",1;1;0.43;0.43,0.43,static-oracle@1.0,4000,,0,0,133.7054,1.6385,22226173,2060,53.5156;53.7153;129.9969;133.6925,32957;32957;32957;32957,515;515;515;515,30.65,42.31,4.89
2026-09-23T02:56:50,3a-rep3,soc-sign-epinions.txt.gz,"F,F,S,S",1;1;0.43;0.43,0.43,block,4000,,0,0,96.0209,1.6034,22226173,2060,59.3728;90.0005;61.4101;96.0071,43444;51008;15296;22080,679;797;239;345,20.12,20.96,3.32
2026-09-23T02:58:09,3a-rep3,soc-sign-epinions.txt.gz,"F,F,S,S",1;1;0.43;0.43,0.43,interleave,4000,,0,0,76.5357,1.6142,22226173,2060,76.5002;76.4991;76.5135;76.5098,48571;45181;19581;18495,759;706;306;289,0.04,0.04,4.01
2026-09-23T02:59:31,3a-rep3,soc-sign-epinions.txt.gz,"F,F,S,S",1;1;0.43;0.43,0.43,block16,4000,,0,0,79.8198,1.6264,22226173,8240,70.7195;79.8026;70.7088;77.0264,47316;45920;19088;19504,2958;2870;1193;1219,6.58,6.24,3.22
2026-09-23T03:00:50,3a-rep3,soc-sign-epinions.txt.gz,"F,F,S,S",1;1;0.43;0.43,0.43,block1,4000,,0,0,76.8145,1.7870,22226173,131828,76.1298;76.1296;75.9523;75.9129,42833;42247;23018;23730,42833;42247;23018;23730,1.02,0.97,3.53
2026-09-23T03:02:09,3a-rep3,soc-sign-epinions.txt.gz,"F,F,S,S",1;1;0.43;0.43,0.43,lpt,4000,,0,0,76.8041,1.8286,22226173,289,75.4137;75.4130;76.8002;75.4163,57365;55671;1916;16876,111;107;29;42,1.36,1.54,3.91
2026-09-23T03:03:28,3a-rep3,soc-sign-epinions.txt.gz,"F,F,S,S",1;1;0.43;0.43,0.43,lpt-oracle,4000,,0,0,76.7967,1.6682,22226173,357,76.2909;76.2877;76.5448;76.7901,66801;63077;865;1085,136;135;44;42,0.41,0.51,3.32
2026-09-23T03:04:47,3a-rep3,soc-sign-epinions.txt.gz,"F,F,S,S",1;1;0.43;0.43,0.43,static@0.43,4000,,0,0,76.3768,1.6971,22226173,2062,72.8868;75.8162;72.5238;76.3678,46091;46091;19823;19823,721;721;310;310,2.59,2.61,2.51
2026-09-23T03:06:13,3a-rep3,soc-sign-epinions.txt.gz,"F,F,S,S",1;1;0.43;0.43,0.43,static-oracle@0.26,4000,,0,0,84.4260,1.6156,22226173,2062,84.4206;83.4521;53.0729;54.3963,52308;52308;13606;13606,818;818;213;213,18.47,11.34,3.24
2026-09-23T03:07:34,3a-rep3,soc-sign-epinions.txt.gz,"F,F,S,S",1;1;0.43;0.43,0.43,static-oracle@0.43,4000,,0,0,78.1690,1.6554,22226173,2062,73.5467;74.0467;77.4943;78.1604,46091;46091;19823;19823,721;721;310;310,3.02,4.04,4.04
2026-09-23T03:09:14,3a-rep3,soc-sign-epinions.txt.gz,"F,F,S,S",1;1;0.43;0.43,0.43,static-oracle@0.6,4000,,0,0,97.6803,1.6278,22226173,2062,65.8062;66.1020;96.7032;97.6673,41194;41194;24720;24720,644;644;387;387,16.49,22.87,2.85
2026-09-23T03:11:27,3a-rep3,soc-sign-epinions.txt.gz,"F,F,S,S",1;1;0.43;0.43,0.43,static-oracle@1.0,4000,,0,0,130.8376,1.6468,22226173,2060,52.6741;52.5579;129.5720;130.8294,32957;32957;32957;32957,515;515;515;515,30.14,41.95,4.27
2026-09-23T03:13:03,3b-rep1,soc-sign-epinions.txt.gz,"F,F,S,S",1;1;0.43;0.43,0.43,interleave,4000,"1,1,0.8",0,0,90.0194,1.6677,22226173,2060,90.0026;90.0000;89.9906;90.0011,42171;45052;22463;22142,659;704;351;346,0.02,0.02,4.89
2026-09-23T03:14:37,3b-rep1,soc-sign-epinions.txt.gz,"F,F,S,S",1;1;0.43;0.43,0.43,lpt,4000,"1,1,0.8",0,0,91.6510,1.6983,22226173,289,90.0982;90.0956;90.0938;91.6449,57639;45615;27131;1443,93;101;44;51,1.27,1.44,4.51
2026-09-23T03:16:14,3b-rep1,soc-sign-epinions.txt.gz,"F,F,S,S",1;1;0.43;0.43,0.43,static-oracle@0.43,4000,"1,1,0.8",0,0,95.0761,1.7557,22226173,2062,94.1920;95.0709;80.0837;80.3959,46091;46091;19823;19823,721;721;310;310,8.04,5.02,4.32
2026-09-23T03:17:50,3b-rep1,soc-sign-epinions.txt.gz,"F,F,S,S",1;1;0.43;0.43,0.43,static-oracle@0.53,4000,"1,1,0.8",0,0,93.3740,1.6697,22226173,2062,89.4318;89.4665;91.1536;93.3616,43079;43079;22835;22835,674;674;357;357,2.70,3.30,4.98
2026-09-23T03:19:26,3b-rep2,soc-sign-epinions.txt.gz,"F,F,S,S",1;1;0.43;0.43,0.43,interleave,4000,"1,1,0.8",0,0,90.0059,1.6349,22226173,2060,89.9627;89.9576;89.9450;89.9659,43773;43195;22207;22653,684;675;347;354,0.05,0.05,5.15
2026-09-23T03:21:00,3b-rep2,soc-sign-epinions.txt.gz,"F,F,S,S",1;1;0.43;0.43,0.43,lpt,4000,"1,1,0.8",0,0,92.2631,1.5933,22226173,289,89.3408;89.3449;89.8135;92.2570,63275;65998;2056;499,106;109;44;30,2.25,2.61,5.00
2026-09-23T03:22:37,3b-rep2,soc-sign-epinions.txt.gz,"F,F,S,S",1;1;0.43;0.43,0.43,static-oracle@0.43,4000,"1,1,0.8",0,0,94.7682,1.6500,22226173,2062,94.7622;93.8782;80.6610;80.7973,46091;46091;19823;19823,721;721;310;310,7.64,4.79,4.04
2026-09-23T03:24:11,3b-rep2,soc-sign-epinions.txt.gz,"F,F,S,S",1;1;0.43;0.43,0.43,static-oracle@0.53,4000,"1,1,0.8",0,0,91.3555,1.6522,22226173,2062,88.4096;88.7724;89.3722;91.3457,43079;43079;22835;22835,674;674;357;357,2.06,2.44,4.92
2026-09-23T03:25:47,3b-rep3,soc-sign-epinions.txt.gz,"F,F,S,S",1;1;0.43;0.43,0.43,interleave,4000,"1,1,0.8",0,0,90.6949,1.6787,22226173,2060,90.6700;90.6685;90.6760;90.6685,42811;44221;22781;22015,669;691;356;344,0.03,0.03,3.80
2026-09-23T03:27:18,3b-rep3,soc-sign-epinions.txt.gz,"F,F,S,S",1;1;0.43;0.43,0.43,lpt,4000,"1,1,0.8",0,0,88.8594,1.5972,22226173,289,87.8324;87.8376;88.8516;87.8288,52723;64731;1350;13024,97;100;44;48,0.87,0.98,4.00
2026-09-23T03:28:57,3b-rep3,soc-sign-epinions.txt.gz,"F,F,S,S",1;1;0.43;0.43,0.43,static-oracle@0.43,4000,"1,1,0.8",0,0,96.2778,1.6613,22226173,2062,94.4484;96.2726;80.2193;80.3448,46091;46091;19823;19823,721;721;310;310,8.78,5.66,4.92
2026-09-23T03:30:32,3b-rep3,soc-sign-epinions.txt.gz,"F,F,S,S",1;1;0.43;0.43,0.43,static-oracle@0.53,4000,"1,1,0.8",0,0,92.6609,1.6408,22226173,2062,89.2674;88.9030;89.9029;92.6568,43079;43079;22835;22835,674;674;357;357,2.67,3.15,4.99
2026-09-23T03:32:12,3c-rep1,soc-sign-epinions.txt.gz,"F,F,S,S",1;1;0.43;0.43,0.43,block,10000,,0,0,94.9828,1.6131,22226173,2060,58.7715;88.9366;59.3452;94.9563,46452;45376;20160;19840,726;709;315;310,20.51,21.20,4.59
2026-09-23T03:33:30,3c-rep1,soc-sign-epinions.txt.gz,"F,F,S,S",1;1;0.43;0.43,0.43,lpt,10000,,0,0,75.8634,1.6151,22226173,289,73.6354;73.6338;75.8616;74.8554,63923;64957;1028;1920,107;120;33;29,1.80,2.25,3.36
2026-09-23T03:34:50,3c-rep1,soc-sign-epinions.txt.gz,"F,F,S,S",1;1;0.43;0.43,0.43,static-oracle@0.43,10000,,0,0,77.2948,1.6976,22226173,2062,73.9555;74.1691;77.2841;76.8945,46091;46091;19823;19823,721;721;310;310,2.22,3.00,3.06
2026-09-23T03:36:27,3c-rep1,soc-sign-epinions.txt.gz,"F,F,S,S",1;1;0.43;0.43,0.43,block,100000,,0,0,91.5930,1.6555,22226173,2060,91.5878;64.9761;62.4530;79.6940,42368;42752;23540;23168,662;668;368;362,18.47,16.90,2.15
2026-09-23T03:37:46,3c-rep1,soc-sign-epinions.txt.gz,"F,F,S,S",1;1;0.43;0.43,0.43,lpt,100000,,0,0,77.1172,1.6517,22226173,289,75.0723;75.0701;76.6745;77.1155,66599;63243;1236;750,107;110;43;29,1.47,1.94,3.08
2026-09-23T03:39:06,3c-rep1,soc-sign-epinions.txt.gz,"F,F,S,S",1;1;0.43;0.43,0.43,static-oracle@0.43,100000,,0,0,77.2671,1.7738,22226173,2062,75.4362;75.5762;77.2641;75.9127,46091;46091;19823;19823,721;721;310;310,1.58,1.86,3.72
2026-09-23T03:40:48,3c-rep2,soc-sign-epinions.txt.gz,"F,F,S,S",1;1;0.43;0.43,0.43,block,10000,,0,0,96.3475,1.6517,22226173,2060,90.2953;59.1198;60.1322;96.3348,46016;44148;21056;20608,719;690;329;322,20.63,21.36,3.66
2026-09-23T03:42:07,3c-rep2,soc-sign-epinions.txt.gz,"F,F,S,S",1;1;0.43;0.43,0.43,lpt,10000,,0,0,76.1864,1.7937,22226173,289,75.0474;75.0466;76.1787;76.1830,66397;62798;1949;684,116;108;36;29,0.75,1.05,4.10
2026-09-23T03:43:29,3c-rep2,soc-sign-epinions.txt.gz,"F,F,S,S",1;1;0.43;0.43,0.43,static-oracle@0.43,10000,,0,0,79.2979,1.6737,22226173,2062,73.5361;74.3858;79.2875;79.2257,46091;46091;19823;19823,721;721;310;310,3.39,4.72,3.15
2026-09-23T03:45:06,3c-rep2,soc-sign-epinions.txt.gz,"F,F,S,S",1;1;0.43;0.43,0.43,block,100000,,0,0,91.9622,1.6398,22226173,2060,91.9562;61.2856;77.1071;72.0226,42944;44276;20672;23936,671;692;323;374,17.80,17.35,2.87
2026-09-23T03:46:25,3c-rep2,soc-sign-epinions.txt.gz,"F,F,S,S",1;1;0.43;0.43,0.43,lpt,100000,,0,0,76.7325,1.6851,22226173,289,76.3268;76.3229;76.7308;76.3264,53209;56174;2657;19788,110;108;35;36,0.40,0.45,3.21
2026-09-23T03:47:46,3c-rep2,soc-sign-epinions.txt.gz,"F,F,S,S",1;1;0.43;0.43,0.43,static-oracle@0.43,100000,,0,0,78.8540,1.6371,22226173,2062,74.7047;75.4560;78.8511;77.0525,46091;46091;19823;19823,721;721;310;310,2.96,3.69,3.28
2026-09-23T03:47:48,3d-base,ca-HepPh.txt.gz,F,1,1.0,block,4000,,0,0,1.2612,0.1332,14939,188,1.2588,12008,188,0.19,0.19,0.05
2026-09-23T03:47:50,3d-base,ca-HepPh.txt.gz,F,1,1.0,block,4000,,0,1,1.2402,0.1243,14939,188,1.2380,12008,188,0.18,0.18,0.02
2026-09-23T03:47:51,3d-base,ca-HepPh.txt.gz,F,1,1.0,block,4000,,0,2,1.2387,0.1239,14939,188,1.2363,12008,188,0.19,0.19,0.03
2026-09-23T03:47:53,3d-base,ca-HepPh.txt.gz,F,1,1.0,block,4000,,0,3,1.2285,0.1368,14939,188,1.2264,12008,188,0.17,0.17,0.02
2026-09-23T03:47:54,3d-base,ca-HepPh.txt.gz,F,1,1.0,block,4000,,0,4,1.2207,0.1274,14939,188,1.2186,12008,188,0.17,0.17,0.01
2026-09-23T03:47:56,3d,ca-HepPh.txt.gz,"F,F,S,S",1;1;0.26;0.26,0.26,block,4000,,0,0,0.8376,0.4123,14939,188,0.4595;0.4698;0.7179;0.8336,5312;3112;1728;1856,83;49;27;29,25.96,36.87,0.05
2026-09-23T03:47:58,3d,ca-HepPh.txt.gz,"F,F,S,S",1;1;0.26;0.26,0.26,interleave,4000,,0,0,1.0068,0.4731,14939,188,0.5601;0.5643;0.5796;0.9844,4919;5299;1086;704,77;83;17;11,33.24,39.65,0.08
2026-09-23T03:47:59,3d,ca-HepPh.txt.gz,"F,F,S,S",1;1;0.26;0.26,0.26,lpt,4000,,0,0,0.7614,0.4207,14939,130,0.6061;0.6031;0.7513;0.6068,4546;6809;138;515,15;83;12;20,15.71,18.58,0.11
2026-09-23T03:48:00,3d,ca-HepPh.txt.gz,"F,F,S,S",1;1;0.26;0.26,0.26,lpt-oracle,4000,,0,0,0.6008,0.4130,14939,255,0.5853;0.5888;0.5889;0.5965,5798;5070;424;716,118;86;26;25,1.82,2.10,0.05
2026-09-23T03:48:01,3d,ca-HepPh.txt.gz,"F,F,S,S",1;1;0.26;0.26,0.26,giants,4000,,0,0,0.6739,0.4141,14939,130,0.5975;0.5974;0.6703;0.6251,5621;6223;1;163,55;57;1;17,7.61,9.80,0.04
2026-09-23T03:48:03,3d,ca-HepPh.txt.gz,"F,F,S,S",1;1;0.26;0.26,0.26,split,4000,,0,0,0.8980,0.4170,14939,130,0.5462;0.5462;0.6331;0.8935,5904;5749;224;131,79;18;17;16,27.09,34.19,0.08
2026-09-23T03:48:04,3d,ca-HepPh.txt.gz,"F,F,S,S",1;1;0.26;0.26,0.26,split-giants,4000,,0,0,0.7240,0.4002,14939,130,0.6409;0.6413;0.7163;0.6530,4725;5141;168;1974,77;18;20;15,8.44,10.20,0.04
2026-09-23T03:48:06,3d,ca-HepPh.txt.gz,"F,F,S,S",1;1;0.26;0.26,0.26,static-oracle@0.26,4000,,0,0,0.6958,0.4157,14939,190,0.5386;0.6014;0.6883;0.6317,4742;4776;1245;1245,75;75;20;20,11.61,15.41,0.09
2026-09-23T03:48:07,3d,ca-HepPh.txt.gz,"F,F,S,S",1;1;0.26;0.26,0.26,block,4000,,0,1,0.8207,0.4070,14939,188,0.4584;0.4929;0.4862;0.8101,4520;4352;1472;1664,71;68;23;26,31.54,37.71,0.02
2026-09-23T03:48:08,3d,ca-HepPh.txt.gz,"F,F,S,S",1;1;0.26;0.26,0.26,interleave,4000,,0,1,0.6191,0.4220,14939,188,0.5773;0.5775;0.5942;0.5969,3896;5493;1214;1405,61;86;19;22,5.28,6.14,0.03
2026-09-23T03:48:10,3d,ca-HepPh.txt.gz,"F,F,S,S",1;1;0.26;0.26,0.26,lpt,4000,,0,1,0.7623,0.4249,14939,130,0.5566;0.5563;0.7613;0.5594,5111;6227;132;538,17;78;18;17,20.19,24.19,0.07
2026-09-23T03:48:11,3d,ca-HepPh.txt.gz,"F,F,S,S",1;1;0.26;0.26,0.26,lpt-oracle,4000,,0,1,0.5857,0.4169,14939,255,0.5812;0.5835;0.5778;0.5674,5200;5502;621;685,118;85;26;26,1.41,0.92,0.05
2026-09-23T03:48:12,3d,ca-HepPh.txt.gz,"F,F,S,S",1;1;0.26;0.26,0.26,giants,4000,,0,1,0.6555,0.4044,14939,130,0.6189;0.6190;0.6479;0.6287,5234;5549;170;1055,75;18;19;18,4.11,4.97,0.03
2026-09-23T03:48:13,3d,ca-HepPh.txt.gz,"F,F,S,S",1;1;0.26;0.26,0.26,split,4000,,0,1,0.6603,0.4098,14939,130,0.5731;0.5723;0.6591;0.5855,5284;6013;175;536,17;84;12;17,9.50,11.71,0.02
2026-09-23T03:48:15,3d,ca-HepPh.txt.gz,"F,F,S,S",1;1;0.26;0.26,0.26,split-giants,4000,,0,1,0.7764,0.4325,14939,130,0.5794;0.5789;0.7254;0.7750,6445;5331;73;159,84;17;10;19,14.38,20.85,0.02
2026-09-23T03:48:16,3d,ca-HepPh.txt.gz,"F,F,S,S",1;1;0.26;0.26,0.26,static-oracle@0.26,4000,,0,1,0.8370,0.4286,14939,190,0.5512;0.5813;0.8326;0.7591,4742;4776;1245;1245,75;75;20;20,18.63,26.69,0.02
2026-09-23T03:48:18,3d,ca-HepPh.txt.gz,"F,F,S,S",1;1;0.26;0.26,0.26,block,4000,,0,2,1.1672,0.4561,14939,188,0.4962;0.4811;0.5354;1.1535,4456;4608;1280;1664,70;72;20;26,42.89,51.84,0.05
2026-09-23T03:48:19,3d,ca-HepPh.txt.gz,"F,F,S,S",1;1;0.26;0.26,0.26,interleave,4000,,0,2,0.6683,0.4470,14939,188,0.6496;0.6433;0.6500;0.6641,5559;3829;1342;1278,87;60;21;20,2.48,2.95,0.05
2026-09-23T03:48:21,3d,ca-HepPh.txt.gz,"F,F,S,S",1;1;0.26;0.26,0.26,lpt,4000,,0,2,0.8424,0.4541,14939,130,0.5380;0.5383;0.6542;0.8353,5432;6274;190;112,18;83;14;15,23.86,31.06,0.05
2026-09-23T03:48:22,3d,ca-HepPh.txt.gz,"F,F,S,S",1;1;0.26;0.26,0.26,lpt-oracle,4000,,0,2,0.6552,0.4405,14939,255,0.6152;0.6186;0.6351;0.6419,4745;4962;759;1542,93;110;27;25,4.19,5.16,0.06
2026-09-23T03:48:23,3d,ca-HepPh.txt.gz,"F,F,S,S",1;1;0.26;0.26,0.26,giants,4000,,0,2,0.7331,0.4278,14939,130,0.5408;0.5395;0.6078;0.7286,5679;5995;206;128,19;83;14;14,17.58,22.71,0.01
2026-09-23T03:48:25,3d,ca-HepPh.txt.gz,"F,F,S,S",1;1;0.26;0.26,0.26,split,4000,,0,2,0.7020,0.4058,14939,130,0.5499;0.5504;0.6495;0.6973,5432;6169;159;248,80;19;19;12,12.85,18.01,0.02
2026-09-23T03:48:26,3d,ca-HepPh.txt.gz,"F,F,S,S",1;1;0.26;0.26,0.26,split-giants,4000,,0,2,0.6488,0.4085,14939,130,0.5527;0.5534;0.5859;0.6417,6318;5310;156;224,80;17;16;17,10.08,12.83,0.05
2026-09-23T03:48:27,3d,ca-HepPh.txt.gz,"F,F,S,S",1;1;0.26;0.26,0.26,static-oracle@0.26,4000,,0,2,0.6611,0.4294,14939,190,0.5218;0.5406;0.6531;0.6084,4742;4776;1245;1245,75;75;20;20,12.12,16.54,0.03
2026-09-23T03:48:29,3d,ca-HepPh.txt.gz,"F,F,S,S",1;1;0.26;0.26,0.26,block,4000,,0,3,1.1318,0.4027,14939,188,0.4632;0.4609;1.1270;0.5068,4136;4736;1856;1280,65;74;29;20,43.50,52.71,0.02
2026-09-23T03:48:30,3d,ca-HepPh.txt.gz,"F,F,S,S",1;1;0.26;0.26,0.26,interleave,4000,,0,3,0.6707,0.4259,14939,188,0.6350;0.6367;0.6420;0.6576,3448;6069;1214;1277,54;95;19;20,4.16,4.77,0.12
2026-09-23T03:48:31,3d,ca-HepPh.txt.gz,"F,F,S,S",1;1;0.26;0.26,0.26,lpt,4000,,0,3,0.6611,0.4109,14939,130,0.5682;0.5683;0.6537;0.5855,6197;5356;297;158,19;78;16;17,10.17,12.45,0.01
2026-09-23T03:48:33,3d,ca-HepPh.txt.gz,"F,F,S,S",1;1;0.26;0.26,0.26,lpt-oracle,4000,,0,3,0.6154,0.4087,14939,255,0.5830;0.5824;0.5861;0.6109,4909;5307;539;1253,89;115;23;28,4.04,4.79,0.04
2026-09-23T03:48:34,3d,ca-HepPh.txt.gz,"F,F,S,S",1;1;0.26;0.26,0.26,giants,4000,,0,3,0.8172,0.3996,14939,130,0.5405;0.5389;0.8136;0.5399,5447;6237;111;213,18;83;14;15,25.58,30.50,0.02
2026-09-23T03:48:36,3d,ca-HepPh.txt.gz,"F,F,S,S",1;1;0.26;0.26,0.26,split,4000,,0,3,0.8780,0.4054,14939,130,0.5617;0.5617;0.8709;0.6781,5828;5817;134;229,18;78;16;18,23.91,31.02,0.02
2026-09-23T03:48:37,3d,ca-HepPh.txt.gz,"F,F,S,S",1;1;0.26;0.26,0.26,split-giants,4000,,0,3,0.7591,0.4568,14939,130,0.5717;0.5726;0.7458;0.5838,5583;5766;1;658,57;59;1;13,18.53,22.12,0.09
2026-09-23T03:48:38,3d,ca-HepPh.txt.gz,"F,F,S,S",1;1;0.26;0.26,0.26,static-oracle@0.26,4000,,0,3,0.6826,0.4194,14939,190,0.5232;0.5648;0.6741;0.6791,4742;4776;1245;1245,75;75;20;20,10.59,16.30,0.02
2026-09-23T03:48:40,3d,ca-HepPh.txt.gz,"F,F,S,S",1;1;0.26;0.26,0.26,block,4000,,0,4,0.8124,0.4003,14939,188,0.4610;0.4604;0.6579;0.7987,4864;4200;1216;1728,76;66;19;27,26.83,36.50,0.03
2026-09-23T03:48:41,3d,ca-HepPh.txt.gz,"F,F,S,S",1;1;0.26;0.26,0.26,interleave,4000,,0,4,0.6077,0.4176,14939,188,0.6026;0.5991;0.5999;0.5974,5303;4276;1342;1087,83;67;21;17,1.31,1.20,0.01
2026-09-23T03:48:42,3d,ca-HepPh.txt.gz,"F,F,S,S",1;1;0.26;0.26,0.26,lpt,4000,,0,4,0.8618,0.4063,14939,130,0.5411;0.5414;0.6612;0.8574,5329;6325;226;128,17;81;19;13,24.54,31.97,0.05
2026-09-23T03:48:44,3d,ca-HepPh.txt.gz,"F,F,S,S",1;1;0.26;0.26,0.26,lpt-oracle,4000,,0,4,0.6322,0.4534,14939,255,0.5541;0.5491;0.5850;0.6251,6020;3767;2220;1,117;113;24;1,8.53,11.01,0.05
2026-09-23T03:48:45,3d,ca-HepPh.txt.gz,"F,F,S,S",1;1;0.26;0.26,0.26,giants,4000,,0,4,0.9278,0.4273,14939,130,0.5521;0.5471;0.6522;0.9125,5382;6354;162;110,20;78;16;16,28.22,35.59,0.05
2026-09-23T03:48:46,3d,ca-HepPh.txt.gz,"F,F,S,S",1;1;0.26;0.26,0.26,split,4000,,0,4,0.7513,0.4072,14939,130,0.5685;0.5684;0.7408;0.5721,5300;6049;134;525,19;80;19;12,18.48,21.92,0.03
2026-09-23T03:48:48,3d,ca-HepPh.txt.gz,"F,F,S,S",1;1;0.26;0.26,0.26,split-giants,4000,,0,4,0.7185,0.4286,14939,130,0.5667;0.5649;0.7055;0.6487,5962;5802;146;98,18;82;16;14,13.51,18.06,0.03
2026-09-23T03:48:49,3d,ca-HepPh.txt.gz,"F,F,S,S",1;1;0.26;0.26,0.26,static-oracle@0.26,4000,,0,4,0.6597,0.4329,14939,190,0.5175;0.5463;0.6531;0.6426,4742;4776;1245;1245,75;75;20;20,10.59,15.75,0.01
2026-09-23T03:48:51,3d,ca-HepPh.txt.gz,"F,F,S,S",1;1;0.43;0.43,0.43,block,4000,,0,0,0.6014,0.4047,14939,188,0.4241;0.4260;0.5475;0.5996,4456;4160;1792;1600,70;65;28;25,16.98,21.90,0.01
2026-09-23T03:48:52,3d,ca-HepPh.txt.gz,"F,F,S,S",1;1;0.43;0.43,0.43,interleave,4000,,0,0,0.5408,0.4085,14939,188,0.5198;0.5192;0.5362;0.5202,3192;5111;1916;1789,50;80;30;28,3.14,3.46,0.06
2026-09-23T03:48:53,3d,ca-HepPh.txt.gz,"F,F,S,S",1;1;0.43;0.43,0.43,lpt,4000,,0,0,0.5266,0.4085,14939,130,0.4601;0.4571;0.5152;0.4613,5787;5257;126;838,17;67;21;25,10.10,11.23,0.02
2026-09-23T03:48:54,3d,ca-HepPh.txt.gz,"F,F,S,S",1;1;0.43;0.43,0.43,lpt-oracle,4000,,0,0,0.5062,0.3929,14939,255,0.4934;0.4890;0.4984;0.4892,4296;4118;2366;1228,104;78;37;36,2.70,2.81,0.05
2026-09-23T03:48:55,3d,ca-HepPh.txt.gz,"F,F,S,S",1;1;0.43;0.43,0.43,giants,4000,,0,0,0.5954,0.4011,14939,130,0.5200;0.5194;0.5239;0.5896,5189;5566;1091;162,15;54;32;29,9.60,10.84,0.06
2026-09-23T03:48:56,3d,ca-HepPh.txt.gz,"F,F,S,S",1;1;0.43;0.43,0.43,split,4000,,0,0,0.5583,0.3952,14939,130,0.4994;0.4993;0.5528;0.5053,5359;5817;139;693,50;51;26;3,7.90,8.96,0.03
2026-09-23T03:48:57,3d,ca-HepPh.txt.gz,"F,F,S,S",1;1;0.43;0.43,0.43,split-giants,4000,,0,0,0.4798,0.4017,14939,130,0.4722;0.4734;0.4729;0.4750,5260;4655;1445;648,66;14;27;23,1.33,1.38,0.04
2026-09-23T03:48:58,3d,ca-HepPh.txt.gz,"F,F,S,S",1;1;0.43;0.43,0.43,static-oracle@0.43,4000,,0,0,0.5124,0.3880,14939,190,0.4369;0.4685;0.5021;0.5083,4172;4210;1813;1813,66;66;29;29,6.53,8.57,0.04
2026-09-23T03:48:59,3d,ca-HepPh.txt.gz,"F,F,S,S",1;1;0.43;0.43,0.43,block,4000,,0,1,0.6819,0.3796,14939,188,0.3729;0.3360;0.5125;0.6789,4096;3816;1984;2112,64;60;31;33,30.33,37.39,0.01
2026-09-23T03:49:00,3d,ca-HepPh.txt.gz,"F,F,S,S",1;1;0.43;0.43,0.43,interleave,4000,,0,1,0.5246,0.4084,14939,188,0.5149;0.5102;0.5099;0.5156,3449;4855;1789;1915,54;76;28;30,2.27,2.28,0.05
2026-09-23T03:49:01,3d,ca-HepPh.txt.gz,"F,F,S,S",1;1;0.43;0.43,0.43,lpt,4000,,0,1,0.5631,0.3942,14939,130,0.4969;0.4951;0.4979;0.5619,5297;5016;1559;136,16;65;25;24,8.91,10.11,0.04
2026-09-23T03:49:02,3d,ca-HepPh.txt.gz,"F,F,S,S",1;1;0.43;0.43,0.43,lpt-oracle,4000,,0,1,0.4961,0.4532,14939,255,0.4773;0.4794;0.4806;0.4946,3818;4673;1007;2510,76;98;40;41,2.64,3.01,0.09
2026-09-23T03:49:03,3d,ca-HepPh.txt.gz,"F,F,S,S",1;1;0.43;0.43,0.43,giants,4000,,0,1,0.5614,0.4138,14939,130,0.4635;0.4626;0.5581;0.4692,5417;4860;132;1599,72;16;19;23,13.02,14.82,0.04
2026-09-23T03:49:04,3d,ca-HepPh.txt.gz,"F,F,S,S",1;1;0.43;0.43,0.43,split,4000,,0,1,0.5620,0.3974,14939,130,0.4509;0.4501;0.4612;0.5566,5873;5831;149;155,17;67;23;23,14.64,16.71,0.08
2026-09-23T03:49:05,3d,ca-HepPh.txt.gz,"F,F,S,S",1;1;0.43;0.43,0.43,split-giants,4000,,0,1,0.4659,0.3965,14939,130,0.4618;0.4620;0.4617;0.4615,4754;5212;615;1427,63;16;24;27,0.90,0.88,0.02
2026-09-23T03:49:06,3d,ca-HepPh.txt.gz,"F,F,S,S",1;1;0.43;0.43,0.43,static-oracle@0.43,4000,,0,1,0.5066,0.3933,14939,190,0.4342;0.4775;0.4987;0.4945,4172;4210;1813;1813,66;66;29;29,6.00,7.60,0.02
2026-09-23T03:49:07,3d,ca-HepPh.txt.gz,"F,F,S,S",1;1;0.43;0.43,0.43,block,4000,,0,2,0.5365,0.3932,14939,188,0.4386;0.4993;0.5335;0.4456,3816;3648;2176;2368,60;57;34;37,10.66,11.43,0.03
2026-09-23T03:49:08,3d,ca-HepPh.txt.gz,"F,F,S,S",1;1;0.43;0.43,0.43,interleave,4000,,0,2,0.5571,0.4312,14939,188,0.5415;0.5417;0.5450;0.5556,4599;3320;1917;2172,72;52;30;34,2.00,2.31,0.02
2026-09-23T03:49:09,3d,ca-HepPh.txt.gz,"F,F,S,S",1;1;0.43;0.43,0.43,lpt,4000,,0,2,0.4946,0.3980,14939,130,0.4895;0.4889;0.4886;0.4922,4669;4881;1313;1145,64;16;31;19,0.97,1.02,0.04
2026-09-23T03:49:10,3d,ca-HepPh.txt.gz,"F,F,S,S",1;1;0.43;0.43,0.43,lpt-oracle,4000,,0,2,0.4797,0.3979,14939,255,0.4731;0.4740;0.4732;0.4753,5000;3135;1396;2477,73;100;42;40,1.21,1.23,0.06
2026-09-23T03:49:11,3d,ca-HepPh.txt.gz,"F,F,S,S",1;1;0.43;0.43,0.43,giants,4000,,0,2,0.4647,0.3977,14939,130,0.4565;0.4551;0.4637;0.4577,5154;5391;1315;148,15;66;26;23,1.39,1.60,0.03
2026-09-23T03:49:12,3d,ca-HepPh.txt.gz,"F,F,S,S",1;1;0.43;0.43,0.43,split,4000,,0,2,0.5189,0.3970,14939,130,0.4625;0.4621;0.5179;0.4672,5405;6328;130;145,17;68;25;20,7.99,9.16,0.02
2026-09-23T03:49:14,3d,ca-HepPh.txt.gz,"F,F,S,S",1;1;0.43;0.43,0.43,split-giants,4000,,0,2,0.6324,0.3937,14939,130,0.4736;0.4725;0.6312;0.4816,5319;5232;138;1319,17;67;19;27,18.60,21.23,0.04
2026-09-23T03:49:15,3d,ca-HepPh.txt.gz,"F,F,S,S",1;1;0.43;0.43,0.43,static-oracle@0.43,4000,,0,2,0.5470,0.4204,14939,190,0.4346;0.4696;0.5433;0.5461,4172;4210;1813;1813,66;66;29;29,8.90,12.27,0.02
2026-09-23T03:49:16,3d,ca-HepPh.txt.gz,"F,F,S,S",1;1;0.43;0.43,0.43,block,4000,,0,3,0.5435,0.4020,14939,188,0.3824;0.4372;0.5388;0.5059,4008;3712;2304;1984,63;58;36;31,14.25,18.38,0.05
2026-09-23T03:49:17,3d,ca-HepPh.txt.gz,"F,F,S,S",1;1;0.43;0.43,0.43,interleave,4000,,0,3,0.5310,0.3909,14939,188,0.5127;0.5110;0.5129;0.5277,5175;3512;1597;1724,81;55;25;27,2.81,3.13,0.04
2026-09-23T03:49:18,3d,ca-HepPh.txt.gz,"F,F,S,S",1;1;0.43;0.43,0.43,lpt,4000,,0,3,0.4770,0.3926,14939,130,0.4702;0.4682;0.4686;0.4736,5170;4907;650;1281,15;65;24;26,1.45,1.53,0.03
2026-09-23T03:49:19,3d,ca-HepPh.txt.gz,"F,F,S,S",1;1;0.43;0.43,0.43,lpt-oracle,4000,,0,3,0.4765,0.4010,14939,255,0.4645;0.4619;0.4721;0.4633,5018;4399;1567;1024,74;101;41;39,2.32,2.51,0.04
2026-09-23T03:49:20,3d,ca-HepPh.txt.gz,"F,F,S,S",1;1;0.43;0.43,0.43,giants,4000,,0,3,0.5216,0.4051,14939,130,0.4798;0.4807;0.4799;0.5180,5374;5211;1295;128,18;64;26;22,6.14,6.85,0.03
2026-09-23T03:49:21,3d,ca-HepPh.txt.gz,"F,F,S,S",1;1;0.43;0.43,0.43,split,4000,,0,3,0.5148,0.4010,14939,130,0.4541;0.4557;0.5125;0.4627,4637;5315;128;1928,66;16;24;24,8.45,9.72,0.04
2026-09-23T03:49:22,3d,ca-HepPh.txt.gz,"F,F,S,S",1;1;0.43;0.43,0.43,split-giants,4000,,0,3,0.4838,0.3890,14939,130,0.4752;0.4753;0.4743;0.4772,5195;4746;1431;636,16;54;32;28,1.72,1.74,0.05
2026-09-23T03:49:23,3d,ca-HepPh.txt.gz,"F,F,S,S",1;1;0.43;0.43,0.43,static-oracle@0.43,4000,,0,3,0.5430,0.3944,14939,190,0.4659;0.4830;0.5403;0.4974,4172;4210;1813;1813,66;66;29;29,8.54,10.17,0.06
2026-09-23T03:49:24,3d,ca-HepPh.txt.gz,"F,F,S,S",1;1;0.43;0.43,0.43,block,4000,,0,4,0.5619,0.3908,14939,188,0.4544;0.4163;0.5537;0.4869,3520;4648;1472;2368,55;73;23;37,14.97,17.98,0.03
2026-09-23T03:49:25,3d,ca-HepPh.txt.gz,"F,F,S,S",1;1;0.43;0.43,0.43,interleave,4000,,0,4,0.5415,0.4360,14939,188,0.5249;0.5250;0.5336;0.5402,4601;3702;1789;1916,72;58;28;30,1.96,2.40,0.11
2026-09-23T03:49:26,3d,ca-HepPh.txt.gz,"F,F,S,S",1;1;0.43;0.43,0.43,lpt,4000,,0,4,0.5527,0.4376,14939,130,0.5461;0.5453;0.5480;0.5478,4382;5738;632;1256,13;56;30;31,1.07,1.15,0.13
2026-09-23T03:49:27,3d,ca-HepPh.txt.gz,"F,F,S,S",1;1;0.43;0.43,0.43,lpt-oracle,4000,,0,4,0.5403,0.4554,14939,255,0.5301;0.5240;0.5371;0.5366,4685;3211;1855;2257,70;97;45;43,1.54,1.90,0.11
2026-09-23T03:49:28,3d,ca-HepPh.txt.gz,"F,F,S,S",1;1;0.43;0.43,0.43,giants,4000,,0,4,0.4954,0.4058,14939,130,0.4888;0.4875;0.4887;0.4930,5181;4950;1601;276,56;53;5;16,1.19,1.30,0.05
2026-09-23T03:49:29,3d,ca-HepPh.txt.gz,"F,F,S,S",1;1;0.43;0.43,0.43,split,4000,,0,4,0.4994,0.3966,14939,130,0.4787;0.4808;0.4924;0.4791,4943;5515;142;1408,63;17;24;26,3.34,3.58,0.02
2026-09-23T03:49:30,3d,ca-HepPh.txt.gz,"F,F,S,S",1;1;0.43;0.43,0.43,split-giants,4000,,0,4,0.4755,0.3870,14939,130,0.4627;0.4635;0.4728;0.4636,4736;5830;296;1146,52;54;20;4,2.08,2.29,0.01
2026-09-23T03:49:31,3d,ca-HepPh.txt.gz,"F,F,S,S",1;1;0.43;0.43,0.43,static-oracle@0.43,4000,,0,4,0.5249,0.3860,14939,190,0.4784;0.4569;0.4964;0.5238,4172;4210;1813;1813,66;66;29;29,6.86,8.47,0.03
2026-09-23T03:49:32,3d,ca-HepPh.txt.gz,"F,F,F,F",1;1;1;1,1.0,block,4000,,0,0,0.3737,0.4230,14939,188,0.3726;0.3509;0.3563;0.3524,3200;3200;3048;2560,50;50;48;40,4.19,4.19,0.06
2026-09-23T03:49:33,3d,ca-HepPh.txt.gz,"F,F,F,F",1;1;1;1,1.0,lpt,4000,,0,0,0.3287,0.3943,14939,130,0.3269;0.3279;0.3275;0.3271,2797;2642;3389;3180,41;8;41;40,0.41,0.41,0.01
2026-09-23T03:49:34,3d,ca-HepPh.txt.gz,"F,F,F,F",1;1;1;1,1.0,split,4000,,0,0,0.3625,0.3981,14939,130,0.3611;0.3600;0.3608;0.3598,3253;3131;2702;2922,54;33;9;34,0.58,0.58,0.01
2026-09-23T03:49:35,3d,ca-HepPh.txt.gz,"F,F,F,F",1;1;1;1,1.0,block,4000,,0,1,0.3729,0.3898,14939,188,0.3022;0.3718;0.3362;0.3041,2240;3648;3840;2280,35;57;60;36,11.89,11.89,0.01
2026-09-23T03:49:36,3d,ca-HepPh.txt.gz,"F,F,F,F",1;1;1;1,1.0,lpt,4000,,0,1,0.3379,0.3947,14939,130,0.3362;0.3348;0.3369;0.3351,3017;2746;2907;3338,9;40;38;43,0.63,0.63,0.04
2026-09-23T03:49:36,3d,ca-HepPh.txt.gz,"F,F,F,F",1;1;1;1,1.0,split,4000,,0,1,0.3955,0.4077,14939,130,0.3942;0.3937;0.3928;0.3928,3419;2911;2971;2707,33;9;33;55,0.54,0.54,0.05
2026-09-23T03:49:37,3d,ca-HepPh.txt.gz,"F,F,F,F",1;1;1;1,1.0,block,4000,,0,2,0.4202,0.4099,14939,188,0.4188;0.3758;0.3611;0.3697,3008;2944;3072;2984,47;46;48;47,9.24,9.24,0.03
2026-09-23T03:49:38,3d,ca-HepPh.txt.gz,"F,F,F,F",1;1;1;1,1.0,lpt,4000,,0,2,0.3625,0.4327,14939,130,0.3619;0.3599;0.3603;0.3603,3022;2790;2561;3635,9;41;41;39,0.52,0.52,0.11
2026-09-23T03:49:39,3d,ca-HepPh.txt.gz,"F,F,F,F",1;1;1;1,1.0,split,4000,,0,2,0.3604,0.4162,14939,130,0.3577;0.3573;0.3579;0.3594,3148;3338;2892;2630,41;41;40;8,0.65,0.65,0.02
2026-09-23T03:49:40,3d,ca-HepPh.txt.gz,"F,F,F,F",1;1;1;1,1.0,block,4000,,0,3,0.3651,0.4108,14939,188,0.2895;0.3062;0.3639;0.2737,2688;3136;3072;3112,42;49;48;49,15.56,15.56,0.02
2026-09-23T03:49:41,3d,ca-HepPh.txt.gz,"F,F,F,F",1;1;1;1,1.0,lpt,4000,,0,3,0.3751,0.3906,14939,130,0.3558;0.3670;0.3553;0.3564,3507;602;3744;4155,10;37;40;43,4.39,4.39,0.02
2026-09-23T03:49:41,3d,ca-HepPh.txt.gz,"F,F,F,F",1;1;1;1,1.0,split,4000,,0,3,0.3494,0.4209,14939,130,0.3477;0.3471;0.3474;0.3483,2709;3243;3193;2863,9;45;34;42,0.51,0.51,0.10
2026-09-23T03:49:42,3d,ca-HepPh.txt.gz,"F,F,F,F",1;1;1;1,1.0,block,4000,,0,4,0.3905,0.3965,14939,188,0.3894;0.3033;0.3348;0.2924,3008;2920;3136;2944,47;46;49;46,15.51,15.51,0.07
2026-09-23T03:49:43,3d,ca-HepPh.txt.gz,"F,F,F,F",1;1;1;1,1.0,lpt,4000,,0,4,0.3328,0.4349,14939,130,0.3315;0.3316;0.3308;0.3304,3052;3238;2812;2906,9;41;39;41,0.50,0.50,0.06
2026-09-23T03:49:44,3d,ca-HepPh.txt.gz,"F,F,F,F",1;1;1;1,1.0,split,4000,,0,4,0.3403,0.4237,14939,130,0.3384;0.3388;0.3390;0.3380,3247;2242;3276;3243,41;8;41;40,0.52,0.52,0.06
2026-09-23T03:51:18,3e-rep1,soc-sign-epinions.txt.gz,"F,F,S,S",1;1;0.43;0.43,0.43,block,4000,,1,0,89.2323,1.5886,22226173,2060,59.5603;50.7869;78.1676;89.2213,42176;42996;22656;24000,659;672;354;375,22.19,28.56,3.14
2026-09-23T03:52:40,3e-rep1,soc-sign-epinions.txt.gz,"F,F,S,S",1;1;0.43;0.43,0.43,reversed,4000,,1,0,79.9674,1.6070,22226173,2060,68.6738;68.6736;75.9915;79.9664,65524;66112;128;64,1024;1033;2;1,8.30,10.62,2.67
2026-09-23T03:54:02,3e-rep1,soc-sign-epinions.txt.gz,"F,F,S,S",1;1;0.43;0.43,0.43,interleave,4000,,1,0,79.1555,1.6586,22226173,2060,79.1289;79.1328;79.1387;79.1418,47805;48698;15615;19710,747;761;244;308,0.03,0.03,4.31
2026-09-23T03:55:18,3e-rep1,soc-sign-epinions.txt.gz,"F,F,S,S",1;1;0.43;0.43,0.43,lpt,4000,,1,0,74.8524,1.6716,22226173,289,74.6526;74.6551;74.6604;74.8423,61963;65451;2430;1984,125;99;32;33,0.20,0.23,2.79
2026-09-23T03:56:37,3e-rep1,soc-sign-epinions.txt.gz,"F,F,S,S",1;1;0.43;0.43,0.43,static-oracle@0.43,4000,,1,0,76.8718,1.6832,22226173,2062,73.2226;74.9072;75.8823;76.8689,46091;46091;19823;19823,721;721;310;310,2.15,2.75,3.54
2026-09-23T03:58:31,3e-rep1,soc-sign-epinions.txt.gz,"F,F,S,S",1;1;0.43;0.43,0.43,block,4000,,0,0,108.2106,1.6657,22226173,2060,56.3611;87.3839;108.1960;58.5960,47156;46208;19072;19392,737;722;298;303,28.26,30.38,2.90
2026-09-23T03:59:58,3e-rep1,soc-sign-epinions.txt.gz,"F,F,S,S",1;1;0.43;0.43,0.43,reversed,4000,,0,0,84.6535,1.6379,22226173,2060,70.8568;70.8576;84.6499;83.3503,65152;66420;128;128,1018;1038;2;2,8.53,11.63,2.69
2026-09-23T04:01:17,3e-rep1,soc-sign-epinions.txt.gz,"F,F,S,S",1;1;0.43;0.43,0.43,interleave,4000,,0,0,76.1672,1.8146,22226173,2060,76.1103;76.1146;76.1291;76.1474,46397;47995;19199;18237,725;750;300;285,0.05,0.06,3.97
2026-09-23T04:02:36,3e-rep1,soc-sign-epinions.txt.gz,"F,F,S,S",1;1;0.43;0.43,0.43,lpt,4000,,0,0,77.1855,1.5779,22226173,289,74.7538;74.7504;75.4846;77.1839,66470;64063;560;735,119;115;26;29,2.13,2.54,3.26
2026-09-23T04:03:59,3e-rep1,soc-sign-epinions.txt.gz,"F,F,S,S",1;1;0.43;0.43,0.43,static-oracle@0.43,4000,,0,0,80.5557,1.6878,22226173,2062,73.5104;75.4965;80.5453;79.5861,46091;46091;19823;19823,721;721;310;310,4.06,5.44,3.36
2026-09-23T04:05:43,3e-rep1,soc-sign-epinions.txt.gz,"F,F,S,S",1;1;0.26;0.26,0.26,block,4000,,1,0,98.3894,1.6235,22226173,2060,70.1877;98.3830;83.2925;64.2945,50816;57152;14208;9652,794;893;222;151,19.67,16.54,3.00
2026-09-23T04:07:16,3e-rep1,soc-sign-epinions.txt.gz,"F,F,S,S",1;1;0.26;0.26,0.26,reversed,4000,,1,0,90.9717,1.6274,22226173,2060,76.2199;76.2199;90.9709;84.5659,66420;65088;192;128,1038;1017;3;2,9.87,13.60,2.98
2026-09-23T04:08:43,3e-rep1,soc-sign-epinions.txt.gz,"F,F,S,S",1;1;0.26;0.26,0.26,interleave,4000,,1,0,85.5295,1.6277,22226173,2060,85.2326;85.2285;85.2380;85.5098,53369;54397;12606;11456,834;850;197;179,0.27,0.31,2.35
2026-09-23T04:10:13,3e-rep1,soc-sign-epinions.txt.gz,"F,F,S,S",1;1;0.26;0.26,0.26,lpt,4000,,1,0,87.4715,1.6251,22226173,289,84.6380;84.6364;87.4698;84.7228,65543;63463;566;2256,116;121;30;22,2.41,2.90,3.29
2026-09-23T04:11:40,3e-rep1,soc-sign-epinions.txt.gz,"F,F,S,S",1;1;0.26;0.26,0.26,static-oracle@0.26,4000,,1,0,85.4278,1.5840,22226173,2062,83.9263;83.2655;84.7417;85.4258,52308;52308;13606;13606,818;818;213;213,1.27,1.79,3.18
2026-09-23T04:15:18,3e-rep1,soc-sign-epinions.txt.gz,"F,F,S,S",1;1;0.26;0.26,0.26,block,4000,,0,0,211.3701,1.5948,22226173,2060,61.1660;67.4127;211.3616;124.4150,50100;56960;14016;10752,783;890;219;168,45.08,59.47,3.23
2026-09-23T04:18:01,3e-rep1,soc-sign-epinions.txt.gz,"F,F,S,S",1;1;0.26;0.26,0.26,reversed,4000,,0,0,161.3224,1.5929,22226173,2060,77.1225;77.1229;90.3658;161.3186,65844;65792;128;64,1029;1028;2;1,37.09,45.96,3.44
2026-09-23T04:19:30,3e-rep1,soc-sign-epinions.txt.gz,"F,F,S,S",1;1;0.26;0.26,0.26,interleave,4000,,0,0,86.1173,1.5981,22226173,2060,86.0819;86.0847;86.1070;86.0922,53628;55226;12606;10368,838;863;197;162,0.03,0.04,2.95
2026-09-23T04:21:07,3e-rep1,soc-sign-epinions.txt.gz,"F,F,S,S",1;1;0.26;0.26,0.26,lpt,4000,,0,0,94.3219,1.5739,22226173,289,82.9148;82.9143;94.3145;85.8063,64186;65528;471;1643,119;122;23;25,8.31,10.53,2.77
2026-09-23T04:22:42,3e-rep1,soc-sign-epinions.txt.gz,"F,F,S,S",1;1;0.26;0.26,0.26,static-oracle@0.26,4000,,0,0,92.5160,1.6221,22226173,2062,84.2251;83.4357;92.5111;89.8638,52308;52308;13606;13606,818;818;213;213,5.41,7.75,2.66
2026-09-23T04:24:16,3e-rep2,soc-sign-epinions.txt.gz,"F,F,S,S",1;1;0.43;0.43,0.43,block,4000,,1,0,88.8588,1.6233,22226173,2060,88.8538;59.0168;73.8441;60.8502,48448;42676;20160;20544,757;667;315;321,20.50,19.02,2.95
2026-09-23T04:25:38,3e-rep2,soc-sign-epinions.txt.gz,"F,F,S,S",1;1;0.43;0.43,0.43,reversed,4000,,1,0,79.6252,1.6024,22226173,2060,68.7655;68.7654;75.3356;79.6243,65600;66036;128;64,1025;1032;2;1,8.17,10.35,3.22
2026-09-23T04:26:55,3e-rep2,soc-sign-epinions.txt.gz,"F,F,S,S",1;1;0.43;0.43,0.43,interleave,4000,,1,0,75.4536,1.5649,22226173,2060,75.4221;75.4212;75.4262;75.4351,46459;47484;18878;19007,726;742;295;297,0.04,0.04,3.27
2026-09-23T04:28:12,3e-rep2,soc-sign-epinions.txt.gz,"F,F,S,S",1;1;0.43;0.43,0.43,lpt,4000,,1,0,74.6693,1.5998,22226173,289,74.2231;74.2211;74.6678;74.2607,79290;48007;1968;2563,118;99;35;37,0.44,0.50,2.76
2026-09-23T04:29:32,3e-rep2,soc-sign-epinions.txt.gz,"F,F,S,S",1;1;0.43;0.43,0.43,static-oracle@0.43,4000,,1,0,78.3508,1.5700,22226173,2062,73.2839;73.1858;78.3483;75.4991,46091;46091;19823;19823,721;721;310;310,4.18,5.11,2.33
2026-09-23T04:31:52,3e-rep2,soc-sign-epinions.txt.gz,"F,F,S,S",1;1;0.43;0.43,0.43,block,4000,,0,0,134.3357,1.5547,22226173,2060,59.1231;51.8299;113.0769;134.3076,42240;40692;24384;24512,660;636;381;383,33.31,43.43,3.65
2026-09-23T04:33:28,3e-rep2,soc-sign-epinions.txt.gz,"F,F,S,S",1;1;0.43;0.43,0.43,reversed,4000,,0,0,94.3173,1.5783,22226173,2060,68.5427;68.5428;86.0591;94.3164,64896;66740;128;64,1014;1043;2;1,15.85,20.43,2.56
2026-09-23T04:34:46,3e-rep2,soc-sign-epinions.txt.gz,"F,F,S,S",1;1;0.43;0.43,0.43,interleave,4000,,0,0,75.4331,1.6595,22226173,2060,75.3776;75.3761;75.3743;75.4142,47932;47931;18175;17790,749;749;284;278,0.06,0.07,4.15
2026-09-23T04:36:03,3e-rep2,soc-sign-epinions.txt.gz,"F,F,S,S",1;1;0.43;0.43,0.43,lpt,4000,,0,0,75.0099,1.5975,22226173,289,73.4059;73.4054;75.0070;73.4894,58202;69991;1061;2574,117;103;32;37,1.58,1.80,2.58
2026-09-23T04:37:23,3e-rep2,soc-sign-epinions.txt.gz,"F,F,S,S",1;1;0.43;0.43,0.43,static-oracle@0.43,4000,,0,0,77.8961,1.5968,22226173,2062,73.1203;74.9321;77.8880;77.5646,46091;46091;19823;19823,721;721;310;310,2.59,3.54,3.74
2026-09-23T04:39:08,3e-rep2,soc-sign-epinions.txt.gz,"F,F,S,S",1;1;0.26;0.26,0.26,block,4000,,1,0,98.8851,1.5765,22226173,2060,69.7156;61.3466;98.8824;82.5756,56000;51700;13248;10880,875;808;207;170,20.99,28.47,3.23
2026-09-23T04:40:46,3e-rep2,soc-sign-epinions.txt.gz,"F,F,S,S",1;1;0.26;0.26,0.26,reversed,4000,,1,0,96.3836,1.5797,22226173,2060,71.7509;71.7519;96.3826;88.7534,67060;64512;64;192,1048;1008;1;3,14.76,21.10,4.95
2026-09-23T04:42:15,3e-rep2,soc-sign-epinions.txt.gz,"F,F,S,S",1;1;0.26;0.26,0.26,interleave,4000,,1,0,86.2315,1.6261,22226173,2060,86.1873;86.2017;86.1965;86.1867,53437;55098;11199;12094,835;861;175;189,0.04,0.04,3.38
2026-09-23T04:43:43,3e-rep2,soc-sign-epinions.txt.gz,"F,F,S,S",1;1;0.26;0.26,0.26,lpt,4000,,1,0,86.1417,1.5837,22226173,289,83.4945;83.4938;84.0674;86.1367,64300;65502;1626;400,114;133;23;19,2.14,2.69,3.07
2026-09-23T04:45:11,3e-rep2,soc-sign-epinions.txt.gz,"F,F,S,S",1;1;0.26;0.26,0.26,static-oracle@0.26,4000,,1,0,86.9976,1.5906,22226173,2062,84.6901;85.5212;85.9645;86.9955,52308;52308;13606;13606,818;818;213;213,1.38,1.85,3.57
2026-09-23T04:48:52,3e-rep2,soc-sign-epinions.txt.gz,"F,F,S,S",1;1;0.26;0.26,0.26,block,4000,,0,0,214.6109,1.5542,22226173,2060,68.7997;62.0098;124.4092;214.6004,49280;48756;17024;16768,770;762;266;262,45.27,59.51,4.20
2026-09-23T04:51:36,3e-rep2,soc-sign-epinions.txt.gz,"F,F,S,S",1;1;0.26;0.26,0.26,reversed,4000,,0,0,161.7294,1.6577,22226173,2060,77.3307;77.3307;88.6879;161.7256,65524;66112;128;64,1024;1033;2;1,37.38,46.08,4.51
2026-09-23T04:53:05,3e-rep2,soc-sign-epinions.txt.gz,"F,F,S,S",1;1;0.26;0.26,0.26,interleave,4000,,0,0,85.8811,1.6184,22226173,2060,84.9753;84.9808;85.8521;85.0016,54138;54907;10496;12287,846;858;164;192,0.79,0.94,1.97
2026-09-23T04:54:44,3e-rep2,soc-sign-epinions.txt.gz,"F,F,S,S",1;1;0.26;0.26,0.26,lpt,4000,,0,0,96.0917,1.6585,22226173,289,85.1226;85.1211;96.0809;86.3902,60590;68457;474;2307,120;123;25;21,8.23,10.10,3.99
2026-09-23T04:56:18,3e-rep2,soc-sign-epinions.txt.gz,"F,F,S,S",1;1;0.26;0.26,0.26,static-oracle@0.26,4000,,0,0,91.2703,1.6600,22226173,2062,83.2080;81.9268;91.2615;89.7577,52308;52308;13606;13606,818;818;213;213,5.18,7.74,2.51
